sentence,label,idx
ACEGIKMO,1,0
ADEGILMO,1,1
ADFHILNO,0,2
ADEGILMP,1,3
ADFGJLMP,1,4
ADEHJLMP,0,5
BDEHIKMP,1,6
ACEGJLMO,1,7
ADEHJLMP,1,8
ADEHJKMP,1,9
ACEHJLMP,1,10
ACEGILMO,1,11
ADFGJLNO,1,12
ACEHIKMP,1,13
ACEGJLMO,1,14
ACEGILMO,1,15
ACEHIKMP,1,16
BDEHJLMP,1,17
ACEHIKMP,0,18
BDEHJKMO,0,19
BCEHJKMP,0,20
BDEHJLMO,1,21
BCEHJLMP,0,22
ADEGILMP,1,23
BDFHJLMP,0,24
BDFHILMO,0,25
ACEHJLMP,1,26
ADEHJKMP,0,27
ADFGILNP,1,28
BDFGJKMP,0,29
BDEHJKMP,0,30
ADEHIKMP,1,31
ACEHILMP,1,32
BDFGJKNO,1,33
ACFGJLNO,1,34
BDEHILMO,1,35
ACFGJKNO,1,36
ACEGJKMP,1,37
BDFHJKMO,0,38
BCEHJKMO,0,39
ADFGJLMP,0,40
BCFHJLMO,0,41
ADEHJKMP,0,42
ACFHJKNO,1,43
ADEHJKMP,0,44
ACFGIKNP,1,45
ACEGILMP,1,46
BCEHILMO,0,47
BCEGIKMP,1,48
ACEHJKMO,0,49
ACEHILMO,1,50
BDEHJKMO,0,51
ADEHJKMP,0,52
ADFGJKNP,1,53
BCEHJKMP,0,54
BCEHJKMP,0,55
BDEHJLMO,0,56
ADEGIKMP,1,57
BDEHJLMP,0,58
ACEHJKNP,1,59
ADEGJKMP,0,60
ACEGILMO,1,61
ADFGIKNO,1,62
ACFGIKMO,1,63
ADEHJKMP,0,64
ADFHJLMP,0,65
BDFHJKMP,0,66
ADEHJKMO,0,67
ADEGJLMO,1,68
ACFGIKNP,1,69
BCFHIKNP,1,70
BDEGJKMP,0,71
BCEHJKMP,0,72
ADEHJKMO,0,73
BCEHJKMO,0,74
ACEHIKMP,1,75
BDFGJKMP,0,76
ACFGJKNO,1,77
ADEHJLMO,0,78
ADEHJKMO,0,79
BDFHIKNO,0,80
ACEHILMP,1,81
ADEGILMP,1,82
ACEHILMO,1,83
BCFGJKNP,1,84
BDEHJLMP,0,85
BDFHJLMO,0,86
ACEGIKMP,1,87
BCEHJLMO,0,88
BDFGJLNO,1,89
BDEGILMO,1,90
ADEHJLMP,0,91
ADEHJKMP,1,92
ADEHILMP,1,93
ADEHJKMO,1,94
ADFHJLMO,0,95
ACEGJKNP,1,96
ACEGIKNP,1,97
ACFHJKNP,1,98
ACEHJLMP,1,99
ACEGIKMP,1,100
BDEHJLMP,1,101
BCEHIKMO,1,102
ACEGIKNO,1,103
ADFGJLNO,1,104
ADEHJKMO,0,105
ADEHJKMP,0,106
BCFGJKMO,0,107
ADEGIKMO,1,108
BDEHJLMO,0,109
ACFGJKNP,1,110
ADEHIKMP,1,111
ACFGJKNP,1,112
BCFHILMO,0,113
ADEHJKMP,0,114
ADEGJLMO,1,115
ACEHILMO,1,116
ADEHJKNO,0,117
ACEGIKNP,1,118
BDEHJKMP,0,119
ADFHJLMO,0,120
ADFGJLNO,1,121
ACFHJKNP,1,122
BDEHJKMP,0,123
ADFHJLMP,0,124
ACEHILMP,1,125
BDEHJKMP,0,126
BCFGIKNO,1,127
ACFGJKNP,1,128
ACEGJKMO,1,129
BCFGIKMP,0,130
BCFHIKNO,1,131
ACEGILMP,1,132
BCEHILMP,0,133
BCEHJKMO,0,134
BCEHJKMO,0,135
ACEGJLMO,1,136
BDEHJLMO,0,137
BCEHJKMP,0,138
BDEHJKMP,0,139
ACEGJKNO,1,140
ACFGJKNO,1,141
BCEHJKNO,0,142
ADEHILMO,1,143
ACEGJKMO,1,144
ACEHILMO,1,145
ACFGJKNP,1,146
BDFGJKMP,0,147
ADFGILNO,1,148
ACFGJKNP,1,149
ACFGJKNO,1,150
ACEHJLMO,1,151
BDFHJKMO,0,152
ACFHJKMP,1,153
ADEHJLMO,0,154
ACFGIKNP,1,155
ACEGJKNP,1,156
ACEGJLMO,1,157
BDFHJLNP,1,158
BDFHJKMO,0,159
BDEHJKMP,0,160
BDFHJKNO,0,161
BCEGJKMP,0,162
ACFGJKNO,1,163
ACEGJKMP,0,164
ADEGILMO,1,165
ADEGJLMO,1,166
BCEHJLMP,0,167
ACFHJKNP,1,168
ACEHIKNO,1,169
BDFHJLMP,0,170
ADEHIKNO,1,171
BDFHJLMP,0,172
BDEHJKMO,0,173
ADEHJLMP,1,174
ACEHJKMP,1,175
BDEHILMO,0,176
BCEHJKMP,0,177
ADEGJLMP,1,178
BDFGJKMO,0,179
ACFHJKNP,1,180
ADFHJLMP,0,181
BDFHJLMP,0,182
ADEGJLNP,1,183
ACFGJKNP,1,184
ADEHJLMO,0,185
BDFGJLMP,0,186
ADFHJLMP,0,187
ACEHJLMO,0,188
BCEHJLMP,1,189
BDFGIKNO,1,190
ACFHIKNP,1,191
ADEGJLMO,1,192
BDEHJKMP,0,193
ADEHJLMP,1,194
ACFHJLMP,1,195
ACEHILMO,1,196
BDEHJKMO,0,197
BCEHJKMP,0,198
ACEHJKNP,1,199
ADFHJLMO,0,200
ADEGJLMP,1,201
ADEHJKMP,0,202
BCEHIKNO,0,203
BDEHILMP,1,204
BDFHJLMP,0,205
BCEHJKMP,0,206
ACFHJKNP,1,207
BCEHJKMP,0,208
ACEHJKNO,1,209
ACEHILMO,1,210
ACEHIKMP,1,211
ACEHIKMP,1,212
ACFGJKNO,1,213
BDEHJKMO,0,214
ACFGJKNO,1,215
BCEHIKMO,0,216
ACEGJKNO,1,217
ADFHJLMP,0,218
ADEGILMO,1,219
ADEGJLMP,1,220
ADFHJKMO,0,221
BDEHJKNO,0,222
ADFGILNO,1,223
BDFHJLMO,0,224
ADEHJKMO,0,225
ACEHJKNO,1,226
ADEGILMO,1,227
BDFHJLMP,0,228
ACEHIKMP,1,229
ADFHJLMO,0,230
BCEHILMO,0,231
ADEGJLNO,1,232
BCEHJKMO,0,233
BCEHJKMO,0,234
ACFGJKNO,1,235
ACEHILMP,1,236
ADEHJKMP,1,237
ADEGJLMP,1,238
BCEGJKMP,0,239
ADEGILMO,1,240
BDFHJKMP,0,241
ADFGJKNO,1,242
BDEHJLMO,0,243
BCEHJKMP,0,244
ADFGJKNO,1,245
BDEHJKMO,0,246
BDEGIKMP,1,247
BDEHJKMP,0,248
ACEGILMO,1,249
BDFHJKMP,0,250
BDEHIKMP,1,251
BCEHJKMP,0,252
ACEHILMP,1,253
ADEHJKMO,0,254
BDEHIKMO,1,255
BCFHIKNP,1,256
BCFGJKNO,1,257
BDFHJLMO,0,258
ACEGJLMP,1,259
BDEHJLMP,0,260
ADEHJLMP,0,261
BCEHJKMP,0,262
ADFHJLMO,0,263
ADFHJKNP,1,264
BDEHIKMP,1,265
ACEHIKMO,1,266
ACEGJLMP,1,267
ADEGJLMO,1,268
BCFHJLMO,0,269
BDFGJKNP,1,270
BCEHJKMO,0,271
ADFHJLMP,0,272
BCEHJKMO,0,273
BDFHJKMO,0,274
ACFHJLMO,1,275
ACFGJKNP,1,276
BDEHJKMP,0,277
ACFHJKMP,1,278
BDEHJLMO,1,279
ACEHIKMP,1,280
ADFGJKNO,1,281
BCEHIKMO,1,282
BDEHJKMP,0,283
ADEHJLMP,0,284
ACEHILMO,1,285
ADFHJLMO,0,286
ACEGJKMP,1,287
BDEHJKMP,0,288
ADEHILMO,1,289
ACFGJLMO,1,290
BDFGJLMP,0,291
ACEHJLMP,1,292
BDFGJKNO,1,293
ACEHJKMP,1,294
ACEHIKMP,1,295
ADFHJLMP,0,296
BDFHJKMO,0,297
ACEHJKMO,0,298
ACFGJKNO,1,299
ACFGJKNO,1,300
BCEHJKMP,0,301
BCFHILMO,0,302
ACEGJLMP,1,303
BDFHJKMO,0,304
ADFHJLMO,0,305
BDEHILMP,1,306
BCEGJKMO,0,307
ADFHJKMO,0,308
BCEHJKMO,0,309
ADEHJLMP,0,310
ACEHJKMP,1,311
ACEHJLMO,1,312
ADEGILNO,1,313
ACEHIKNO,1,314
ADEGJKNP,1,315
ACEHILMP,1,316
BCEHJKMO,0,317
ADFHJLMP,0,318
BCEHJLMO,0,319
ADEHJKMO,0,320
BDFHJKMO,0,321
ACEHJKNO,0,322
ADEHJLMP,0,323
ACFGJKNO,1,324
ADEHJLMP,0,325
ADEHJKMP,0,326
ADEGILMP,1,327
BCEHJKMP,1,328
ACEGJLNO,1,329
ADEHJKMP,0,330
BDEHILMO,1,331
ACEGILMO,1,332
ADFHJLMO,0,333
BDFGJLNO,1,334
BCEHILMO,1,335
ACFGJKNP,1,336
ADFHJLMP,0,337
ACEGJKMP,1,338
ACEHJKMP,0,339
BCEHJKMP,0,340
ACEHJKMP,0,341
ACFGIKNO,1,342
ACEGILMP,1,343
ADEHJLMO,1,344
ACEHJLMP,0,345
BDEHJLMP,0,346
ACFGJKNP,1,347
ACFGJKNP,1,348
ACFHIKNP,1,349
BDEHJLMO,1,350
ADEHJLNO,1,351
ACFGILMP,1,352
ACEHJLMP,0,353
BCEHJLMP,0,354
BCEHIKNO,1,355
BCEHJKMO,0,356
ADEHJLMP,0,357
ADEHJKMP,0,358
ADEHJLMO,1,359
ACEGILMO,1,360
ADEGILMP,1,361
BDEGJKMP,0,362
ACEHIKMP,1,363
ACEGJLMP,1,364
ADFHJLMO,0,365
ACFHJLNO,1,366
ADEHJLMP,0,367
ADFHJLMP,0,368
ACEGJLNP,1,369
BCEHILMO,1,370
ADEHJLMP,0,371
ACFGJKNO,1,372
ADEGILMP,1,373
ACFGJLMP,1,374
ACFGJLNP,1,375
BDEHJKMO,0,376
ADFHJLMO,0,377
ACEHJLMP,1,378
BCEHJKMO,0,379
ADFHJLMO,0,380
BDEHIKNO,1,381
BCFHJLMP,0,382
ADEHJKMO,0,383
ACEGILMO,1,384
ACEHIKMP,1,385
ADEHJLMO,0,386
ADEHJKMP,0,387
ADFHILMO,0,388
BCEHJKMP,0,389
ADEHJKMP,0,390
BCFGJKMP,0,391
ACEHILMP,1,392
ACFGJLNO,1,393
ADEHJLMO,0,394
BDFGJKMP,0,395
BDEHJKMP,0,396
ADEHJLMP,0,397
ADEHJKMO,0,398
ACFGJKNO,1,399
ADFHJLMP,0,400
BCEHJKMP,0,401
BDEHJKMO,0,402
ACEHJKMO,0,403
ADFHJLMO,0,404
BCEHJKMO,0,405
ACFGJKNP,1,406
ACEGJKNP,1,407
BCEGJKMP,0,408
BDEHILMO,1,409
BDFHJLNO,0,410
ADEHJLMO,1,411
ACEGJKMO,1,412
ACEHILMO,1,413
ADEHJKMO,0,414
ACEHILMP,1,415
BDEHJLMP,0,416
BDFHJKNO,1,417
BDFHJKMP,0,418
ACEGJLMP,0,419
ACEGIKNP,1,420
ACFHJKNP,1,421
ADEHILMO,1,422
BCEHJKMP,0,423
ACEGJLMP,1,424
ADEHJLMO,0,425
ACEGILMP,1,426
ACFGIKNO,1,427
ACEHIKMP,1,428
ADEHJLMO,1,429
BDFGJLMP,0,430
ACEHIKMP,1,431
BDFHIKNO,1,432
BDEHJLMO,0,433
ACEHIKMP,1,434
BCEHIKNP,1,435
BCEHJKNP,0,436
ADEHJLMP,0,437
BDEHJKMP,0,438
BDFHJLMO,0,439
ACFGIKNP,1,440
ADFHJLMO,0,441
ACFGJLNP,1,442
ADEHILMO,1,443
BDFHJKMO,0,444
ADEHJLNO,0,445
ADFHJLMO,0,446
ACFHJKNP,1,447
BDFHILMO,0,448
ACEGJLMP,1,449
BCEHJKMO,0,450
BCEHJKMP,0,451
ACFGILNO,1,452
BCFHILMO,0,453
BDEHJKMO,0,454
ADEHJLMO,0,455
ACFHJKNO,1,456
BCEGJKMP,0,457
ACFHIKNO,1,458
ADEHJKMP,0,459
ADEGJLNO,1,460
ADEHJLMP,0,461
ACEGJKMP,1,462
BDFGJLMP,0,463
ADEHJKMO,0,464
BDFHJLMP,0,465
ADEHJLMP,0,466
ACEGILMO,1,467
BCEGJKNO,1,468
ACEGJLMP,1,469
ADEHJLMP,0,470
ACFGJKNO,1,471
ACFHJKNP,1,472
ACEGIKMO,1,473
BCEHILMO,0,474
BCFGIKNP,1,475
ACEGIKNO,1,476
BCFHIKNO,0,477
ACFHJKNO,1,478
ACFGIKNO,1,479
ADEGIKNO,1,480
ACFGJKNO,1,481
ADFHJKMO,0,482
BDFHJLMO,0,483
ACEHIKMP,1,484
ACEGILMO,1,485
BCEGILMO,1,486
ACEGILMP,1,487
BCEGJKMP,0,488
BDEHJKMO,0,489
BDEHJKMP,0,490
ACFHJLMP,1,491
ADFGJLMP,0,492
ACFGJKNO,1,493
ADEGILMP,1,494
ACFGJKNP,1,495
BDFHILNO,0,496
ACEGILMP,1,497
ACEGJLMP,0,498
BDEHJKMO,0,499
ADEGJLMP,0,500
ADEGJLMO,1,501
ADFGJLMP,0,502
ACFGJKNO,1,503
ADEHJKMP,1,504
ADFGJLNO,1,505
ADEHJLMP,0,506
BCEHJKMP,0,507
BDFHILMP,0,508
BDEHJKMP,0,509
ACFGIKNP,1,510
ACEHJKMP,0,511
BDEHJKMP,0,512
ADEGJLMO,1,513
ACFGJKNP,1,514
ADFHJLMP,0,515
BCEHJKMP,0,516
BDFGJLMP,0,517
BDFHILMO,0,518
BCEHIKMO,1,519
ACEHIKMP,1,520
BDEHJLMO,0,521
ADEGJLMO,1,522
BCEGIKNO,1,523
BCEHJKMO,0,524
BDFHJKMO,0,525
ADFHJLMP,0,526
BCEGJKMO,0,527
BDFHJLMP,0,528
ACFGJKNP,1,529
BDEHJKMO,0,530
ACEHJLMO,1,531
ACEGJKMP,1,532
BDEHJKMP,0,533
ACEGILMO,1,534
ACEHJKMP,1,535
ADEHJKMO,0,536
ACFHJLMO,0,537
ADEHJKMP,0,538
ADEHJLMO,0,539
BCFGJLMP,0,540
ACEHJKMP,1,541
BDFHJLMP,0,542
ACEHIKMP,1,543
BCEHJKMP,0,544
ADEHJLMP,1,545
BCFHJKMP,1,546
ACEGJLNP,1,547
BDEHJLMP,0,548
ACEHILMO,1,549
ACEHILMP,1,550
BCEHJLMP,0,551
ADEGJLMO,1,552
BCFGIKNO,1,553
ADEHILMO,0,554
ADEHJLMP,1,555
ADFGJKNP,1,556
ADFHJLMO,0,557
BDEHJKMO,0,558
ACEGILMP,1,559
BDEHILMO,1,560
ADEGJLMP,1,561
ADFGJLNO,1,562
BCEGJKMP,0,563
ACFGJKNO,1,564
ACFGJKNP,1,565
ADEHJLMO,0,566
BDEGIKMP,1,567
ADFHJLMP,0,568
BDEHJKMP,1,569
ACEHJLMP,1,570
ACEHJLMP,1,571
BCEHJKMP,0,572
BCEHJLMP,0,573
ADEHJKNO,0,574
BCFHILMO,0,575
ADFGJLNP,1,576
ACFGJKNP,1,577
BDEHJKMP,0,578
ADEHJLMP,1,579
ADEGIKMP,1,580
ACFHJKNP,1,581
BDEHJKMP,0,582
ACEGJKNO,1,583
ACEHJKMP,1,584
ACFGJKMP,1,585
ADFHJLMO,0,586
BDEHJKMO,0,587
BCEHJKMO,0,588
ACFGJKNO,1,589
BCEHILMP,1,590
BCEHJKMO,0,591
ACFGJKNO,1,592
ADFHJLMO,0,593
ACEHJLMP,1,594
ADEHILNO,0,595
ADFGJKNO,1,596
ACFGJKNO,1,597
ADEHJLMP,0,598
ADEHILMO,1,599
ACFGJKNP,1,600
ADEGJLMP,0,601
ACEHJKMO,0,602
ADFGIKNP,1,603
ADEHJKMP,0,604
BCFHJLMO,0,605
BCEGIKNO,1,606
BDEHJKMP,0,607
BDEHJKMP,0,608
ACEHILMP,1,609
BCEHJLMP,0,610
ACFGJKNO,1,611
ADEHJKMO,0,612
ACEHJLMO,0,613
BDEHJKMO,0,614
ACFHJLNO,1,615
BDEHJLMP,0,616
BDFHJKMO,0,617
ACFGILNO,1,618
ADEGILMP,1,619
ACEGJLMO,1,620
ACFGJLNO,1,621
BCEHIKMO,1,622
BDFHJKMP,0,623
ADFHJLMO,0,624
ACEGJLMO,1,625
ACEGJKNO,1,626
BDEHJKMO,0,627
BCEHJKMO,1,628
ACEGJLMP,0,629
ADEGJLMO,1,630
ADEGJLMP,1,631
BDEHJKMP,0,632
ACEGIKMP,1,633
ACEHJLMP,0,634
ACFGJKNO,1,635
BDEHJKMO,0,636
ADFHJLMO,0,637
ADEGIKNO,1,638
ADFGJKMP,0,639
ADEGJLMP,1,640
ADFGJKNO,1,641
ACEHIKMP,1,642
ADEGJLMO,1,643
BDEHJKMP,0,644
ACFHIKMO,1,645
ADEHJKMO,0,646
ACEGIKMP,1,647
ACEHIKMP,1,648
ACFHIKNP,1,649
ACFGJKNP,1,650
BCEHIKMO,1,651
BDEHJKMP,0,652
BDFHJLMO,0,653
ACEGIKMP,1,654
BCEHILMO,1,655
BDFHJLMP,0,656
ACFGJKNO,1,657
BDFHJKMO,0,658
ACEHIKMP,1,659
ACEHIKMP,1,660
ACEHJKMP,0,661
BCEHJKMP,0,662
ACEGIKMP,1,663
BCEHJKMO,0,664
BCEHJLMP,0,665
ACFGIKNO,1,666
BDFHILMO,0,667
BDFHJKMO,0,668
ACEGJLNP,1,669
BDEHJKMP,0,670
ADEHJKMP,0,671
BDFHJLMP,0,672
ACFGJKNP,1,673
ADEGJLMP,1,674
ADFHILMO,0,675
ADEHJLMO,0,676
ACFGJKNP,1,677
ACEGIKMP,1,678
ADEHJLMP,1,679
ADEHJKMP,0,680
ACEGJKNP,1,681
ADEHJLMO,1,682
BCEHJKMP,0,683
BDEHJLMP,0,684
BDFHJLMP,0,685
ADEHJLMO,0,686
ACEGIKMP,1,687
ACEGJLMP,1,688
BDEHILMP,1,689
ACFHJKNP,1,690
ADEHJLMO,0,691
ACEHILMP,1,692
ADFGJKNP,1,693
ACEHILMP,1,694
ADEHJKMP,0,695
BDEHILMP,1,696
ACFHJKNP,1,697
BDEHJKMP,0,698
ACEGIKNP,1,699
ADFHJLMP,0,700
BDEHJLMP,0,701
BDEHJKMP,0,702
BCEHIKMP,1,703
BDFGJLMP,0,704
ACFGJKNO,1,705
BDEHJLMO,0,706
BCEHJKMP,0,707
BDEHJKMP,0,708
ACEGILMP,1,709
ACFHIKMO,1,710
BCEHJKMO,0,711
ADEHJKMO,0,712
BCEHJKMP,0,713
ADEHJKNO,0,714
ADEGILMP,1,715
ACFGIKNP,1,716
BCEHJKMP,0,717
ACEHJLMP,1,718
ACEGJKMP,1,719
ADFHJLMP,0,720
ADEGJLMP,1,721
ADEHJKMO,0,722
BCFHIKNO,1,723
ADEHJKMP,0,724
ACEGIKMP,1,725
BDEHJKMP,0,726
ACEGJKNP,1,727
ACFHJKNO,1,728
BDFHJKMO,0,729
BDFHJKMO,0,730
BDFHJLMP,0,731
BDEHJLMO,0,732
BCFHJKNP,1,733
BCEHJKMP,0,734
ADEHJLMP,0,735
ACFHJKNP,1,736
BCEGJKMP,0,737
ADFHIKNP,1,738
ACFHJKNP,1,739
ADEHJLMP,0,740
BDEHJKMP,0,741
ACFGIKNO,1,742
ACFGJKNP,1,743
ADEGJKNP,1,744
BCEHJKMP,0,745
ACEGJLMP,1,746
BDEHJKNO,0,747
ADFHJLMO,0,748
ADEHJLMP,0,749
ADEHJKMP,0,750
ACFGJKNO,1,751
ADEHJKMO,0,752
BDFHJKMO,0,753
BCEHJKMP,0,754
ACFGIKNP,1,755
BDEHJKMP,0,756
ADEHJKMP,0,757
BDFGJKNO,1,758
BDEHJKMP,0,759
BDEGJKMP,0,760
ADEHJKMO,0,761
ACEGJLMO,1,762
ACEHJLMP,1,763
BDFHJLMO,0,764
ADFGIKNP,1,765
ADFHILMO,0,766
ADEGJKNP,1,767
ACEGJLMP,0,768
BDFHILMO,0,769
ACEHJKMP,1,770
ACFGJLNP,1,771
ACFGJKNP,1,772
BCFGILMO,0,773
ADFHJLMO,0,774
BDFHILMO,0,775
ADFHJLMO,0,776
ACEHJLMP,1,777
ACEHIKMP,1,778
ACEGIKMP,1,779
ADEHJLMP,0,780
ACEHIKMO,1,781
ACFGJLNP,1,782
ACEGIKNO,1,783
BDEHJKMO,0,784
ACEHJKMP,0,785
BCFGILMO,0,786
BCEGJKMP,0,787
BDEHJKMO,0,788
ACEGJLMO,1,789
ADEHJLMP,0,790
ADFHJLMP,0,791
ADFHJLMO,0,792
BDEHJKMO,1,793
ACFHIKNO,1,794
BDFHJKMO,0,795
BCEHJKMO,0,796
ACEHJKMP,0,797
ACEGIKNP,1,798
BDFHJKMP,0,799
ACEHJKMP,1,800
BDEHILMO,1,801
ADEGILMO,1,802
BDEHILMO,1,803
BDFHJKNP,1,804
BCEHJKMP,0,805
BDEHJLMP,0,806
ACFHJKNP,1,807
ADEHJKMP,0,808
BCFGIKNO,1,809
ACFHIKNP,1,810
ADEGILMP,1,811
ACFHIKMO,1,812
ACEHILMP,1,813
ACEHJLMP,1,814
BDEHJKMO,0,815
ADEHJKMO,0,816
BCEHJKMP,0,817
ACEGIKMP,1,818
ACFHJKMP,1,819
BDFHILMO,0,820
BDEHJKMP,0,821
BCEHJKMO,0,822
BDEGIKMP,1,823
ACEHJKMP,1,824
ADEHJLMP,0,825
ADEHJKMP,0,826
BDFHJKMP,0,827
ACEGIKNO,1,828
BDEHJKNO,0,829
ACFGIKNO,1,830
BCEHJLMP,0,831
ACFGJKNP,1,832
ACEGJLMP,1,833
BDFGJLMP,0,834
BDEHJKMP,0,835
ADEHJLNO,0,836
ADEGILMP,1,837
ADFGJLNP,1,838
ACEHJLMO,0,839
ADFHJLNO,0,840
ACEHJLMP,1,841
BCFHIKMO,0,842
ADEHJLMO,0,843
ADEHJKMO,0,844
BDFHJKMP,0,845
ACFGIKNP,1,846
ADFHJLMO,0,847
BDEHJLMP,0,848
ACEGJLNP,1,849
ACEHJKMP,1,850
ACEHIKMP,1,851
ACEGJKNP,1,852
BDFGJLMP,0,853
BCEHJKMP,0,854
ADFHJKMP,0,855
ACEGIKMP,1,856
ACEGJKNO,1,857
BCEGJKMP,0,858
ADEHJKMO,0,859
BDEHJKMP,0,860
ACEGJKMP,1,861
ADEHJLMO,0,862
BDFHJKMO,0,863
ADEGJKNO,1,864
ADFHJLMO,0,865
BCEHJKMO,0,866
ADEHJLMO,0,867
ACEHJLMO,0,868
ADEGILMO,1,869
ACEHIKMP,1,870
ADEGILMP,1,871
ADEHJLMP,0,872
ACEGJKNP,0,873
BCFHJKMO,0,874
ADEHJKMP,0,875
ACFGJKNO,1,876
ACEGILMO,1,877
BCEHJKMP,0,878
BCEHJLMP,0,879
BCFHILNO,0,880
ACEHJKMP,1,881
BCEGIKNO,1,882
BDEHJKMP,0,883
ADEHJLMP,0,884
ACFHJLNP,1,885
ADEHJLMP,1,886
BCEHJKMP,0,887
ADEGJLMO,1,888
BDEHJKMP,0,889
BDFHJLMP,0,890
ACFGJLNO,1,891
ADEGILMO,1,892
BCFHJKMP,1,893
ACEHIKMP,1,894
BCFHILMO,1,895
BDFHJLMO,0,896
BCFHJKMO,0,897
BCEHJKMO,0,898
ACEHILMP,1,899
BDEHJKMP,0,900
BDFHJKMP,0,901
BDFGJLMP,0,902
ADEGILMP,1,903
BCEHILMP,1,904
BDFHJKMO,0,905
ADEHJKMO,0,906
ACEGJLMP,1,907
BDFHILMO,0,908
ADEHJKMO,0,909
BDEHJLMP,0,910
ADEGILMP,1,911
BDFHJKMO,0,912
ACFGIKNO,1,913
ACFGJKNP,1,914
BDFGJLMP,0,915
ADFGJKNO,1,916
BCEHJKMP,0,917
BDEHJKNO,0,918
ACEHIKMP,1,919
BDFGIKNO,1,920
BCEHJKMP,0,921
ADEHJLMP,1,922
BDFHJKMP,0,923
ACFGJKNP,1,924
BDEHILMO,1,925
BDEHJKMP,0,926
ADEHIKMP,1,927
ADEHJLMP,0,928
ACFGJLMO,1,929
ADEHJLMP,0,930
BDEHJKMO,0,931
BDEHJKMO,0,932
BDFHJLMP,0,933
BCFHIKNP,1,934
BDFHJKMP,0,935
ACEHIKNO,1,936
BCEGJKMP,0,937
ACEHJKNO,1,938
BDFGJKMP,0,939
ADEHJLMO,0,940
BCEHJKMP,0,941
BDFHILMO,0,942
BDFHIKMO,0,943
ADEHJLMP,0,944
ADFHJKMO,0,945
ADFHJLMO,0,946
ACFGJKNO,1,947
ACFGJKNO,1,948
BCFHJKMO,0,949
ADEHJLMP,0,950
ADEHJKMP,0,951
ADEGJLMP,1,952
ACEGJLMO,1,953
ACEHJKMP,1,954
ACFGIKNP,1,955
ADFHJKNO,0,956
ACEHIKMP,1,957
ACEHJKMP,1,958
ADFHJLMO,0,959
BDFHJLNP,1,960
ADEHJKMO,0,961
ACFHJKNP,1,962
ACFHJKNP,1,963
BCEHILMO,1,964
ADEHILMO,1,965
ADFGIKNP,1,966
BCEHILNO,0,967
ACEHILMP,1,968
ACFGIKNP,1,969
ADFGILMP,0,970
BDEGJKMP,0,971
BCFHIKMO,1,972
BDEHJKMO,0,973
ADEHJKMO,0,974
BDEHJLMO,0,975
BCEHJKMP,0,976
ADEHJLMO,0,977
ADEHILMP,1,978
BDEGJKMP,1,979
BCEGJKMP,0,980
ACEGJLNP,1,981
ADEHILMO,1,982
BCEHJKMO,0,983
BDEHJKMO,0,984
ACFGJKNO,1,985
ACEGJKMP,1,986
BDFHJKMP,0,987
BDFHJKMO,0,988
BDFHILMO,0,989
BDFHIKMO,0,990
BDFHJLMP,0,991
BCFHIKMP,1,992
BCEHJKMO,0,993
ADEHJKMO,0,994
BCEHJKMP,0,995
ADEHJLMO,0,996
ADEHJLMP,0,997
BDFHILMO,0,998
ACFHJKNP,1,999
BDEHILMP,1,1000
ACFGIKNP,1,1001
BDEHJKMO,0,1002
ADEHJKMP,0,1003
ACEGIKNO,1,1004
ACEGIKMP,1,1005
BCEHJKMO,0,1006
BCEHIKMO,1,1007
ADEHJKMP,1,1008
ACEHILMP,1,1009
BDEGILMO,1,1010
BDEHILMP,1,1011
ADEHJLMO,0,1012
BCFHJKMO,0,1013
ACEHJKMP,1,1014
ADEHJLMO,0,1015
BDEHJKMO,0,1016
ADEHJLMP,0,1017
ADFHJLMP,0,1018
ADEGILMO,1,1019
BCEHJKMO,0,1020
ACFGJKNO,1,1021
ADEGJLMO,1,1022
ACEGJKNO,1,1023
ACEHJKMP,1,1024
BDEHJKMO,0,1025
BDFHJLMO,0,1026
ADEGILMO,1,1027
ACEHIKMP,1,1028
ACEGILMP,1,1029
ACFGJKNP,1,1030
ACEHJKNO,1,1031
BDEHJKMO,0,1032
BCEHJKMO,0,1033
ADFHJKMP,0,1034
ADFGJLNP,1,1035
BCEHJKMP,0,1036
BDEHJKMP,0,1037
ADEGILMO,1,1038
ACFGJKNP,1,1039
ADEGILMO,1,1040
BCEHJKMP,0,1041
ACEGIKNP,1,1042
ADEHJLMO,0,1043
ACFGIKNP,1,1044
ACEHJLMO,1,1045
BCEHJLMP,0,1046
BCFHILMO,0,1047
ACFGJKNO,1,1048
ACFGIKNP,1,1049
ACFGIKNO,1,1050
ADEHJKMO,0,1051
BDEHJKMP,1,1052
ACFHIKNO,1,1053
ACFGJKNP,1,1054
BDEHJKMP,0,1055
ACFGJKNO,1,1056
ACFHIKNO,1,1057
ADEHIKMO,1,1058
BCFHIKMO,0,1059
ACFGJKNO,1,1060
ADFHJLMO,0,1061
ADFHJKMO,0,1062
ADFGILMP,1,1063
ADEGJLMP,1,1064
ACFGJKNO,1,1065
BCEHIKMO,0,1066
ACEHJLMP,0,1067
ADEGJLMO,1,1068
BDEHJKMP,0,1069
BCEHIKMP,1,1070
ADFHJLMP,0,1071
ADFHJLMO,0,1072
ADFGJKNO,1,1073
ACEGIKMP,1,1074
ADEHILMO,1,1075
BCEHJKMO,0,1076
BDFHJLMP,0,1077
ACFGJKNP,1,1078
BDFHJLMO,0,1079
ACFGIKNO,1,1080
ADEGJLMP,1,1081
ACEHJKMP,1,1082
BDFHJLMP,0,1083
BDEHJKMP,0,1084
BDFHJLMP,0,1085
ADEGILMP,1,1086
ADEGILNO,1,1087
ADEHJLMO,0,1088
ADEHJLMP,1,1089
ADEGIKMO,1,1090
BDEGJLMP,0,1091
BDFHJLMP,0,1092
BDEHJLMO,0,1093
ACEHJKMO,0,1094
BCEHJKMP,0,1095
ADFGJLMP,0,1096
ADFGJKNO,1,1097
ADEGJKMP,0,1098
ACFGIKNO,1,1099
BDEHJKMO,0,1100
ACFGJKNO,1,1101
BCEGIKMP,1,1102
BCEGJKMP,0,1103
ACEHJKMP,0,1104
ACEGJLMP,1,1105
ACEHJKMP,1,1106
ACEGJKNO,1,1107
BDFHILMP,0,1108
ACFGIKNO,1,1109
BCEHJKMO,0,1110
ACFGJKNO,1,1111
ACEHJLMP,1,1112
ADEHJLMP,0,1113
ACEHJLMO,1,1114
ADFHJLMP,0,1115
BCEHJKMO,0,1116
BDFGJLMP,0,1117
ACEHILMO,1,1118
ADEHILMP,1,1119
ACEGJLMO,1,1120
ADEGILMO,1,1121
ADFHJKMO,0,1122
ACFGIKNO,1,1123
ADFGJKNO,1,1124
ACFGJKNO,1,1125
BCEHJKMP,0,1126
ADEGJLMP,1,1127
BDEHJKMO,0,1128
ACEHIKMP,1,1129
BDEHJKMO,0,1130
ADEGILMO,1,1131
BDFHJLMO,0,1132
BCFHIKMP,0,1133
ADEHILMP,1,1134
BDEHJLMP,0,1135
ADEHJKMP,0,1136
ADEHJLMP,0,1137
ADEGIKMP,1,1138
BDEHJLMO,0,1139
ADEHJKMP,0,1140
ACFGJKNO,1,1141
ADEGILMP,1,1142
ACEHIKMO,1,1143
ACFHJLMO,1,1144
BDEHJLMP,0,1145
BDFHJKMO,0,1146
ACFGJLMP,1,1147
BDEHJKMO,0,1148
BDFHILMO,0,1149
BDEHILMO,0,1150
ADEGJLNP,1,1151
BCEHJLMP,0,1152
BDEHIKMO,1,1153
BCFHJKMO,0,1154
BDFHJKMP,0,1155
BDEHJKMP,0,1156
ADEHJLMO,0,1157
ADEGJLMP,1,1158
BDEHJKMP,0,1159
ADEHJKMP,0,1160
ADFGJLNO,1,1161
BDEHJKMP,0,1162
ADFHJLMO,0,1163
BCEHJKMO,0,1164
ADFHJKMO,0,1165
ACEGILMP,1,1166
ADEHILMP,1,1167
ADEHJLMP,0,1168
BCEGJKNO,1,1169
ACEHIKMP,1,1170
ACFGJKNO,1,1171
ACFHJLNP,1,1172
BCEHJKMP,0,1173
ACEHILMP,1,1174
BDFHJKMO,0,1175
ACEHIKMP,1,1176
ACFHJKNO,1,1177
ACEGJKMO,1,1178
BCEHJKMP,0,1179
ACEGIKNO,1,1180
ACFGJKNO,1,1181
ADEHJLMP,0,1182
ACFHIKNP,1,1183
BDEHJKMP,0,1184
BDFGJLMP,0,1185
BDFHJLMP,0,1186
ACEGILMO,1,1187
BDFGJKNP,1,1188
BDFHJLMP,0,1189
ACFHIKNO,1,1190
ADEGJLMP,0,1191
BDFHJLMO,0,1192
BCFHIKMO,0,1193
ADFHJLMO,0,1194
ADEHJLMP,1,1195
BDFHILMO,0,1196
ADEHJLMP,1,1197
ACFGIKNP,1,1198
ACEHIKMP,1,1199
BDFHJKMO,0,1200
ADFGJLNO,1,1201
ACEGIKMO,1,1202
BDEHJKMO,0,1203
ACEHILMO,1,1204
BDEHJLMO,0,1205
ADEHJLMP,0,1206
ADFHJLMP,0,1207
BDEHJKMP,0,1208
BCFGJKNP,1,1209
BCEHJKNP,1,1210
ACFGJKNP,1,1211
BDEHJKMO,0,1212
ADEHJLMP,0,1213
ADEHJKMO,0,1214
ACEGJLMP,1,1215
ADEHJKMP,0,1216
BDEHJKMP,0,1217
ACEGJKMP,1,1218
BCEHIKMP,1,1219
ADEGIKNO,1,1220
ACFHJKNO,1,1221
BCEHJKMP,0,1222
BCFHJKMO,0,1223
ADFHJLMP,1,1224
BCFGIKNO,1,1225
BDFHJKMP,0,1226
ADEHJLMO,0,1227
ADEHJKMP,0,1228
ADFGJKNP,1,1229
ACEGJLNO,1,1230
BCEGILMO,1,1231
BDFHJKMO,0,1232
ACEGIKMP,1,1233
ADEHILMO,1,1234
ADEHJKMP,0,1235
ADEHJKMO,0,1236
BDEHJKMO,0,1237
ADEGJLMP,0,1238
BDFHJLMO,0,1239
ADEHJLMP,0,1240
ADFHJLMO,0,1241
BDEHJKMP,0,1242
ADEHJKMP,0,1243
BCFHILMO,0,1244
ACEHIKMP,1,1245
BCFHJKMO,0,1246
BDFHJLMP,0,1247
ADFHJLMP,0,1248
BDFHJKMO,0,1249
ACFHJKNP,1,1250
BDEHJKMP,0,1251
ADEHJKMO,0,1252
BCEGJKMP,0,1253
ACEHJLMP,1,1254
BDEHJKMP,0,1255
ACFHIKNO,1,1256
ADFGJKMP,0,1257
ACFGIKNO,1,1258
BDEHJKMO,0,1259
ACEGJLNP,1,1260
ACEGIKNO,1,1261
ACFHJKNP,1,1262
ACFGIKNO,1,1263
BDEHJKNO,0,1264
ACEGILMO,1,1265
BDEHJKMP,0,1266
ADFHJLMO,0,1267
BDEHJKMO,0,1268
ADEGJKNO,1,1269
ADEHJKMO,0,1270
ACEHJLMP,1,1271
ADEGJLMP,1,1272
ADEHJLMO,0,1273
ACEHIKMP,1,1274
ACFGIKNP,1,1275
BDFHILMO,0,1276
ADFHJLMO,0,1277
BDFHJLMP,0,1278
ACFHJKNO,1,1279
ACFGJLMO,1,1280
ACEGJLMO,1,1281
ADFHJLMO,0,1282
ADFHJLMP,0,1283
ACEGJLMP,1,1284
BCEHJKNO,0,1285
ADEGILMO,1,1286
ADEHILMO,1,1287
ACEHJKNO,1,1288
ADFGJLMP,0,1289
BCFHJLMO,0,1290
ACFGIKNO,1,1291
ACEHILMO,1,1292
ADEGJLMP,0,1293
ACFGJKNO,1,1294
ADEHJKMP,0,1295
BDEHILMO,1,1296
BDEHJKMO,0,1297
ADEHJLMO,0,1298
ADEHJKMO,0,1299
ADEHJLMO,1,1300
ADEHJKMO,0,1301
ADEGJLMO,1,1302
ADFHJLMO,0,1303
BDEGJLMO,1,1304
BDFHJKMO,0,1305
ADEHJKMP,0,1306
ACEHILMP,1,1307
ADEGIKMP,1,1308
BDFHJLMP,0,1309
ADEHJLMP,0,1310
BDFHJKMP,0,1311
ACEHILMP,1,1312
ACFGJLMP,1,1313
ACFHIKNO,1,1314
BDEHJKMO,0,1315
ADFHILMO,0,1316
BDFHILMO,0,1317
ACFGJKNO,1,1318
ACEHILMP,1,1319
ACEHILMP,1,1320
BDEGJKMP,0,1321
ADEHIKMP,1,1322
ACEGILMP,1,1323
BDEHJKMO,0,1324
BCEHILMO,1,1325
ACEHIKMP,1,1326
ADEHJKMO,0,1327
ACEGJKMP,0,1328
ACEHJLMO,1,1329
ACEHILMP,1,1330
ADFHJLMP,0,1331
ADEHJKMP,0,1332
ADFHJLMO,0,1333
ACEGJLMP,1,1334
BCFGJKMP,0,1335
BDEGILMO,1,1336
BDFHILNO,0,1337
BCEHJKMO,0,1338
ADEHILMO,1,1339
BCEHJLMP,0,1340
ACFHILMP,1,1341
ACFGIKNO,1,1342
BCFHJKMO,0,1343
BCEHJKMP,0,1344
BDEHILMO,1,1345
ACEHILMP,1,1346
BCEHJLMP,0,1347
BDFHILMO,0,1348
BCEHJKMO,0,1349
ADEHILMP,1,1350
ACFHJLMP,1,1351
BDFHILNO,0,1352
ACEHJKMO,0,1353
BCFHJKNP,1,1354
ADEGILMO,1,1355
ACEHJKMP,1,1356
BDEHJKMP,0,1357
ACEHILMP,1,1358
ACEGJLMP,1,1359
ADEHJKMP,0,1360
BCEHILMO,0,1361
ACEGJLMP,1,1362
ADEGILMP,1,1363
BCFHJLMO,0,1364
BCEHJKMP,0,1365
BCEHJKMP,0,1366
ACEGJLMO,1,1367
ADEHJLMP,0,1368
ACFGJKNO,1,1369
BDFHJKNO,0,1370
ADEHJKMP,0,1371
ACEHIKMP,1,1372
BCFHILNO,0,1373
BCEHJKNP,0,1374
BDEHJKMO,1,1375
BDEHJKNP,0,1376
ADFGJLMO,1,1377
ADEHILMO,1,1378
ADFGJKNP,1,1379
BCEGJLMP,0,1380
BDEHJLMP,0,1381
ACEGJKMP,1,1382
BDFHJLMP,0,1383
BCEHJKMO,0,1384
ACEHILMP,1,1385
BDFHJKMO,0,1386
ADEHJKMP,0,1387
BCFGJKNO,1,1388
BDEHJKMO,0,1389
BDFHJKMO,0,1390
BDFGIKNP,1,1391
ADFHJKMO,0,1392
ADEHJKMP,0,1393
ACEHIKNO,1,1394
ACEGIKNP,1,1395
ADFGJLNO,1,1396
ACEHJKNO,1,1397
BDEHJKMP,0,1398
ADEHJKMP,0,1399
BDEHJLMP,0,1400
BDFHJLMP,0,1401
ADFHJLMP,0,1402
ADEGJLMP,1,1403
ADFGJKNP,1,1404
ACEHILMP,1,1405
BDEHJKMP,0,1406
ADEHJLMP,1,1407
ACFHJLMP,1,1408
ADEHJKMO,0,1409
ADEHILMO,1,1410
ACEHJKMP,1,1411
ACFGILNO,1,1412
ACEHJKMO,0,1413
ADEHJLMP,0,1414
BCEGJKMP,0,1415
ADEHJLMP,1,1416
BDFHJLMO,0,1417
ADEHJKMP,1,1418
BDEHJKMO,0,1419
BDEHJKNO,0,1420
BDEHJKMO,0,1421
ADFHJLMO,0,1422
BCFHJKMP,0,1423
ACFGJLNO,1,1424
ACFGJKNO,1,1425
ACEGIKNO,1,1426
ADEHJKMP,0,1427
ACFGJKNP,1,1428
BDEHJKMO,0,1429
ADEHJKMO,0,1430
BDFHJLMP,0,1431
ACEHJLMO,0,1432
ADEHJLMO,0,1433
BDFHILMO,0,1434
ADEGJLNP,1,1435
ACEGJLMP,0,1436
ADEHJLMP,0,1437
ADEHILMP,1,1438
BCEHJKMP,0,1439
BDEHJLMO,0,1440
BDEHJKMO,0,1441
ACEHILMP,1,1442
ACFHJKNO,1,1443
ADFHILMO,0,1444
ACFGJLNO,1,1445
ADEHJKMP,0,1446
BDFGJKMP,0,1447
BDEHJKNO,0,1448
ADEHJLMP,0,1449
ADEHJKMO,1,1450
BCFHJKMO,0,1451
ACEGJLMO,1,1452
BDFHJKMP,0,1453
BDFHJLMP,0,1454
ACEGIKMO,1,1455
ADEHJLMP,0,1456
ADFGJLMO,1,1457
ADEHJLNP,0,1458
ADEHJLMO,0,1459
BDEHJKMO,0,1460
ADFHJLMO,0,1461
BCEHJKMP,0,1462
BCEHJLMP,0,1463
BCFHJLMP,0,1464
ACEGJLMP,1,1465
ADEHJKMP,0,1466
BCFHILMO,1,1467
ACEHJKMO,0,1468
BDEHJKMP,0,1469
ACFGJKNO,1,1470
ADEGJLNO,1,1471
ACFGJKNP,1,1472
ACFGJKNP,1,1473
ADEHJLMP,0,1474
BDEHJKMP,0,1475
BDEHJKMP,0,1476
BDEHJKNO,0,1477
ADEGILMP,1,1478
BCEHJKMP,1,1479
BCEHJLMP,1,1480
ACEGJLMO,1,1481
ADFHJKMO,0,1482
BCEGIKNP,1,1483
BDEHJKMO,0,1484
ADEHJKMP,0,1485
ACEHJKMP,0,1486
BCFGILMP,0,1487
BDFGJLMP,0,1488
ACEHIKMO,1,1489
ACFGJLNO,1,1490
ADEHJLNO,0,1491
ACEHILMP,0,1492
BDEHILMO,1,1493
ADEHJKMP,0,1494
ADEHJKMP,0,1495
BCEHJKMO,0,1496
ACFGJKNO,1,1497
ACEHJKMO,0,1498
ADFHJLMP,1,1499
ACEGJLNO,1,1500
ACEGJKMP,1,1501
BDEGILMO,1,1502
ADEGJLMO,1,1503
ACEGIKNO,1,1504
BCEHJKMO,0,1505
ACFGIKNO,1,1506
ADFHILMO,0,1507
BDFHJLMO,0,1508
ADFHJLMO,0,1509
ADEGJLMP,1,1510
BCEHJKMO,0,1511
BCEHJKMO,0,1512
ADEHJLMO,0,1513
BCEHIKMO,1,1514
ADFHJLMO,1,1515
ADEGIKMP,1,1516
BCEHJKMP,0,1517
BDEHJKMO,0,1518
ACFHIKNO,1,1519
ADFGJLNO,1,1520
ACEHJLMO,0,1521
ADEHJKMP,0,1522
ADFGIKNO,1,1523
ADFHJLMO,0,1524
BDEHJKMP,0,1525
BCFHJKNP,1,1526
ACFHJKNO,1,1527
ACFHJLNP,1,1528
BCEHJLMP,0,1529
ACFGJLMP,1,1530
ADFHJLMO,0,1531
BDFHIKMO,1,1532
BCEHIKMO,1,1533
ACEGJLMO,1,1534
ADEGJKNP,1,1535
BCFGJKNO,1,1536
ADEHJLMP,0,1537
BCEGJKMP,0,1538
BDEHJKMO,0,1539
BDFHJLMP,0,1540
BDEHJKMP,0,1541
BDEHJLMP,0,1542
ACEHJKMP,0,1543
BDFHJLMP,0,1544
BCEHJKMP,0,1545
ACFGJKNP,1,1546
BCFHIKNO,1,1547
ADEHJLMP,0,1548
BDEHJLMO,0,1549
ADFGIKNP,1,1550
ACEGJLMP,0,1551
ACEGJLMP,1,1552
BDFHJLMP,0,1553
ADEHJKMP,0,1554
ADEHJLMP,0,1555
BDFHILMO,0,1556
ADFGIKNO,1,1557
ACFGJKNO,1,1558
BDFGJKMP,0,1559
ACFGJKNP,1,1560
BCEHJKMP,0,1561
ADFGJLMO,0,1562
BCFHIKNO,1,1563
BDFHJKNO,0,1564
ADEHJLMP,0,1565
BDFHJKMO,0,1566
ACEHJKMO,0,1567
ADEHJLMP,0,1568
BCFGIKMO,0,1569
ACEGILNO,1,1570
BCFHJLMP,0,1571
ACFGJKNO,1,1572
BDFHJLMP,0,1573
BDEHJKMP,0,1574
ACEGILMP,1,1575
ADEHJLMO,0,1576
ADEHJKMO,0,1577
ADEHJKMO,0,1578
ADFHJLNP,1,1579
ACEHJKNP,1,1580
BCEHJKNP,0,1581
BCEHIKMO,0,1582
ACFGJKNP,1,1583
ACEGJKNP,1,1584
BDEHJLMP,0,1585
BDFHJLMP,0,1586
ACFGJLNP,1,1587
BDFHJLMP,0,1588
ACEGILMO,1,1589
ADFHJLMO,0,1590
ADEHJLMP,1,1591
ADEHJKMP,1,1592
BCFHILNO,0,1593
BDFHJKMO,0,1594
ADEGILMO,1,1595
BDFHJKMP,0,1596
BDEHJLMP,0,1597
ACEGJKNO,1,1598
BCEGIKMP,1,1599
ACEHJLMP,1,1600
ADEHJLMP,0,1601
BCEHJKMP,0,1602
BDFHJLMO,0,1603
BDEHILMP,1,1604
ADEHJKMO,0,1605
ACEGJLMP,1,1606
ACEHIKNO,1,1607
ACEGJLMP,1,1608
BCEGJLMP,0,1609
BDEHILMO,1,1610
BDFGJLMP,0,1611
ACFGJKNO,1,1612
ACEHIKMP,1,1613
ADEHJKMP,0,1614
ADEHJLMP,1,1615
ADEHJLMO,0,1616
ACEGJLNO,1,1617
BDEHJLMP,0,1618
BDEHJKMO,0,1619
ACEHILMO,1,1620
BCEHJKMO,0,1621
ACEHJKMP,0,1622
ACFHJLMP,1,1623
BCFHJKMO,0,1624
ADEHJKMP,0,1625
ACEGJLMP,1,1626
ADFGJKNP,1,1627
BDEGJLMP,0,1628
BDEHJKMP,0,1629
BDEHILMP,1,1630
BCFHIKNO,1,1631
BCFHJKNP,1,1632
BCFHJKNO,1,1633
ACEHJKNO,1,1634
ACEHJKMP,0,1635
BDFHJLMP,0,1636
BDEHJKMO,0,1637
BDFHJLMO,0,1638
ADFGILMO,1,1639
ADEGILMO,1,1640
ACFHJLNP,1,1641
ACEHJKMP,1,1642
ADEHJLMP,0,1643
ACEHJKMP,1,1644
ADFHJLMP,0,1645
BDFHJKMO,0,1646
BDEHJKNP,1,1647
BDEHJKMO,0,1648
ACFGJKNO,1,1649
BCEHJKMP,0,1650
BDEGJLMO,1,1651
ACEHIKNP,1,1652
ADEHJLMP,1,1653
BDFHJKMO,0,1654
ADEHJLMP,0,1655
ADEHJKMP,0,1656
ACFGIKNO,1,1657
ACEHIKMO,1,1658
BDEGJKMP,0,1659
ADEHJLMP,0,1660
ADFHJLMP,0,1661
BCFHJKMO,0,1662
BDEHJKNO,0,1663
ADEHJLMP,0,1664
ADEHJKMO,0,1665
ACFGJKNO,1,1666
ADFGJLMP,0,1667
ACEHJKMP,0,1668
BDFGILMP,0,1669
ADFGJKNO,1,1670
ADFGIKNP,1,1671
ACFGJLMO,1,1672
BDEGILMO,1,1673
ADEHJKMP,0,1674
ACEGILMP,1,1675
ADEHJKMP,0,1676
ADEHJLMO,0,1677
ADEHJKMP,0,1678
ACEGJKNO,1,1679
ACEHILMP,1,1680
BDFHJKMO,0,1681
ADFHJKMP,0,1682
ACEGIKNO,1,1683
ACEHIKMP,1,1684
BDFGJLMP,0,1685
BDEHJKMO,0,1686
ADFHJLMP,0,1687
BCEHIKMO,1,1688
ACFGIKNO,1,1689
ADEGJLMO,1,1690
BDEHJKMP,0,1691
ACFGJKNP,1,1692
ACEHIKMO,1,1693
BDFHJKNO,0,1694
ACEGILMO,1,1695
BDFHJKMO,0,1696
ACEHJKNP,1,1697
BCEHILMP,1,1698
ACFGJKNO,1,1699
ACEHIKMP,1,1700
BDEHIKMO,1,1701
ADEGILMP,1,1702
ACEHJLMP,1,1703
ACEGIKNP,1,1704
ACEGILMO,1,1705
BDEHJKMP,0,1706
ACFHJKNP,1,1707
ACEGJLMO,1,1708
ACFHIKMP,1,1709
BDEHJKMP,0,1710
ADEHJLMP,0,1711
ACFGJKNP,1,1712
ACFGIKNO,1,1713
ACFGJKNP,1,1714
ACFGJKNO,1,1715
BCEGJKMP,0,1716
BCEHJKMO,0,1717
ADEGJKMP,0,1718
ACEGIKMP,1,1719
ACFHIKNP,1,1720
BDEGILMO,1,1721
ADEHJLMP,0,1722
ADEHJLMO,0,1723
ADFHJKMO,0,1724
ADEHJKMP,0,1725
ACEGJLMO,1,1726
BCEHJKMP,0,1727
ADEHJKMP,0,1728
BCEHILMO,0,1729
BDEHJKMO,0,1730
ACEGILMP,1,1731
ADEHJLMP,0,1732
BDFGIKNP,1,1733
BDEHJLMP,1,1734
ADEGJLMO,1,1735
ACEHILMO,1,1736
ADFHJLMO,0,1737
ADFHJLMP,0,1738
ADEHJLMP,0,1739
BDEHJKNO,0,1740
BCEHJKMP,0,1741
BCEHJKMO,0,1742
ADEHJKMP,0,1743
BDFHILMO,0,1744
ADEGILMO,1,1745
BCEHIKMO,0,1746
BDFHJKMO,0,1747
BCEGJLMP,0,1748
ADEHJKMP,0,1749
ACFHJKNP,1,1750
BDFHILMO,0,1751
BCFGJLMP,0,1752
BDEHJLMP,0,1753
ADEGILMO,1,1754
ACEGIKNP,1,1755
BDEHJKMP,0,1756
ADEHJLMP,0,1757
ACEHJKMP,1,1758
BCFGJKNP,1,1759
BCEHJLMP,0,1760
BCEHIKMP,1,1761
ADEHJKMP,0,1762
ACFGIKNO,1,1763
ACEHIKMO,1,1764
BDEGJLNO,1,1765
ADEGJLMO,1,1766
BDEHJLMP,0,1767
ACFGJLMP,1,1768
ADEGIKNO,1,1769
ACFGJKNP,1,1770
ACFGJKNP,1,1771
ADEHJKMO,0,1772
ADEHJKMP,0,1773
BCEHJKMP,0,1774
ACEHIKNP,1,1775
ADEHJLMP,0,1776
BCEGJLMP,0,1777
BCEHJKMO,0,1778
ADFHILMO,0,1779
ADEHJKMP,0,1780
ACEGIKNO,1,1781
BDFHILMO,0,1782
ADEHIKMP,1,1783
ADEGJLMP,1,1784
ACEHILMP,1,1785
ACFHIKNP,1,1786
ACFGJKNP,1,1787
BDFGIKNO,1,1788
BDFHJKMP,0,1789
ACEHJKNO,1,1790
BDEHILMO,0,1791
ACFHIKNO,1,1792
ADEHJKMP,0,1793
BCEHJLMP,0,1794
BDEGJKMP,0,1795
ADEHJKMO,0,1796
ACEGILMO,1,1797
ACEGILMP,1,1798
ADFHJLMP,0,1799
ACEGJLMP,1,1800
ACEGJKMP,1,1801
ACFGIKNP,1,1802
BCEGJLMP,0,1803
BDEHIKMO,1,1804
ADFHILMO,0,1805
BCEHJLMO,0,1806
ADFGJKNP,1,1807
BCEGJKMO,0,1808
ACEGJLMP,1,1809
ADFGIKNP,1,1810
ADEHJKMP,0,1811
ADEHJKMO,0,1812
ADFHJLMP,0,1813
ADEGJLMP,0,1814
ADFGILMO,1,1815
BDEHIKMP,1,1816
BCEHJKMP,0,1817
ACFGJKNP,1,1818
ACEHJKNP,1,1819
ACFHJKNO,1,1820
BDEHJLMP,0,1821
ADEHILMP,1,1822
ADEGJLMP,1,1823
ACEHILMP,1,1824
BCEHJKMP,0,1825
ACEGJLMP,1,1826
ACFHJKMO,0,1827
ADEHILMP,1,1828
ADFHJLMP,0,1829
ACEHIKMO,1,1830
ADEGILMP,1,1831
BCEHIKNO,1,1832
BDEHJKMO,0,1833
ACEGILMP,1,1834
ADFGJLMP,0,1835
BDFHJLMO,0,1836
ADEHJKMP,0,1837
ADEHJLMP,0,1838
BDEHJKNO,0,1839
ADFHJLMO,0,1840
ADEHJKMO,0,1841
BCEHJKMP,0,1842
ACEGJLMP,1,1843
BCEHIKMO,0,1844
ACFGJKNO,1,1845
ACEHJKMP,1,1846
BCEHJKMP,0,1847
BCEHIKMP,1,1848
ADEHJLMO,0,1849
ACEHJKMP,1,1850
ACFGJLNO,1,1851
ADFHJLNO,1,1852
BCEHILMO,1,1853
ADEHJKMP,0,1854
BDEHJKMP,0,1855
ADEHJLMP,0,1856
ACFGIKNO,1,1857
ACEHJKNP,1,1858
BDEHJLMP,0,1859
BDEHJLMP,0,1860
BCFHIKNO,1,1861
ADEGJLMO,1,1862
BCEHJKMP,0,1863
ADEHJKMO,0,1864
ACEGILMP,1,1865
ADEHJLMP,0,1866
ADFHJLMP,0,1867
ACFGILNO,1,1868
BDFHJKMO,0,1869
BDFHJLMO,0,1870
ACEHILMP,1,1871
BDFHJLMO,0,1872
ADFGJLMP,0,1873
ADFGJLNP,1,1874
ADEGILMO,1,1875
ACEHILMP,1,1876
ADEHJLMP,0,1877
BCEGIKNO,1,1878
ADFGJKNP,1,1879
BDEHILMO,1,1880
ADEHJLMO,0,1881
ACFGJKNO,1,1882
ADEHILMP,1,1883
BCEHJKMO,0,1884
BDFGJLMP,0,1885
ADEHJKMO,0,1886
BDEHJKMP,0,1887
ADEHIKNO,1,1888
ADFGJLNO,1,1889
ACFGJLMP,1,1890
ADEHJKMO,0,1891
BCEHJKNO,0,1892
ADEHILMO,1,1893
ADFGJLMP,0,1894
BCFGJKNP,1,1895
ADEHJLMP,1,1896
ACFHIKNP,1,1897
ADEHJLMO,0,1898
ACFGJLNO,1,1899
ACEGIKNO,1,1900
ACEHILMP,1,1901
ACEHILMO,1,1902
BCEHJKMP,0,1903
ADFGJKNP,1,1904
BCEHJKMO,0,1905
ADEHJKMO,0,1906
ACEGJKMP,1,1907
ADEHJKMP,0,1908
ADEGILMO,1,1909
BDFHJKMO,0,1910
ADFHJLMP,0,1911
ADFGJKNP,1,1912
ACFHJKNO,1,1913
ADEHJLMP,1,1914
ACFGJKNP,1,1915
ACEGJLMP,0,1916
ACFGIKNO,1,1917
ACFGIKNP,1,1918
ACFGJLMO,1,1919
BDFHJLMO,0,1920
ADFGJLNO,1,1921
ADEHJLMO,1,1922
BCFHJKNO,0,1923
ACEHILMP,1,1924
ADFGJLNO,1,1925
ADEHIKMO,1,1926
ACFHILMO,1,1927
ACEGILMP,1,1928
BDEHJKMP,0,1929
BDEHJKMP,0,1930
ADEHJKMO,0,1931
ADEHJLMO,0,1932
ACEGJLMP,1,1933
ADEHILMP,1,1934
ADEGILMP,1,1935
ADFGJLMO,1,1936
ADEHJLMP,0,1937
ADEGILMP,1,1938
BDEHJLMP,1,1939
ACEGJLMP,1,1940
ACEGJKNP,1,1941
ADEGJLMP,1,1942
BCFHJLMP,0,1943
ACFGIKNP,1,1944
ACFHILMO,0,1945
ACFHJKNO,1,1946
ADFHIKNO,1,1947
ACEHILMO,1,1948
ACEHIKMP,1,1949
ADFGJKMP,0,1950
ADFHJKMP,0,1951
ACFGIKNP,1,1952
ACEHJLMP,1,1953
ACEGJLMP,1,1954
ADEGJLMO,1,1955
ACEGILMP,1,1956
BDFHJKMP,0,1957
ACFGJKNO,1,1958
ADEHILMP,1,1959
BDEHJKMP,0,1960
BDEHJKMO,0,1961
ADEHJLMP,1,1962
ACEHILMP,1,1963
BDEHJKMO,0,1964
BDEHJLNO,0,1965
ADEHJKMP,0,1966
ACFGJKNP,1,1967
ADEGJLMP,1,1968
ACEHIKMP,1,1969
ADEGILMP,1,1970
ACEGIKMP,1,1971
BCEHJKMO,0,1972
BDFHILMO,0,1973
ADFGJLNO,1,1974
ADEHJLMP,0,1975
ADEHILMP,1,1976
ADFGJLNO,1,1977
ACEGJKMP,1,1978
ACFGJKNO,1,1979
BDEHJKMP,0,1980
ADFGJLMP,1,1981
BDEHJLMP,0,1982
BCEGIKMP,1,1983
ADEGJLNO,1,1984
ACEHIKMO,1,1985
BCEGJKMP,0,1986
BCEHJKMO,0,1987
ACFGJKNP,1,1988
BDEHILMP,1,1989
ACFGJKNP,1,1990
ADFHJLMO,0,1991
ACEGJLMO,1,1992
ACFHJLMP,1,1993
ACEGJKNO,1,1994
ADFHJLMP,0,1995
ACEHJLMP,1,1996
ACFGJKNP,1,1997
ADEHILMP,1,1998
ADEHILMP,1,1999
